Modelo,RMSE,MAE,R2
XGBoost (Optuna),545868928.0,13739.19921875,0.9319157600402832
XGBoost,685711360.0,15534.9765625,0.9144737124443054
Random Forest,711477915.2058467,15906.562662116039,0.9112599112176069
RandomForest (Optuna),726903340.1623079,15879.706158283885,0.9093359532831622
Ridge,827039588.9966614,16158.600300031845,0.8968463180858063
Lasso,841465188.9686904,15674.428711696242,0.8950470647359862
Linear Regression,848754906.3563703,15711.50891525679,0.8941378444294161
