Modelo,RMSE,MAE,R2
XGBoost (Optuna),606006848.0,13766.828125,0.9244149327278137
XGBoost,685711360.0,15534.9765625,0.9144737124443054
Random Forest,711477915.2058467,15906.562662116039,0.9112599112176069
RandomForest (Optuna),722049575.10133,15831.617347789155,0.9099413459921057
Ridge,827039588.9966614,16158.600300031845,0.8968463180858063
Lasso,841465188.9686904,15674.428711696242,0.8950470647359862
Linear Regression,848754906.3563703,15711.50891525679,0.8941378444294161
